/path/to/lib/utils.js,1,2
/path/to/lib/utils.js,3,1
/path/to/lib/utils.js,4,0
/path/to/lib/utils.js,5,0
/path/to/lib/utils.js,6,0
/path/to/lib/utils.js,9,1
/path/to/lib/utils.js,10,43
/path/to/lib/utils.js,11,43
/path/to/lib/utils.js,12,43
/path/to/lib/utils.js,13,43
/path/to/lib/utils.js,15,43
/path/to/lib/utils.js,16,43
/path/to/lib/utils.js,17,0
/path/to/lib/utils.js,21,1
/path/to/lib/utils.js,22,0
/path/to/lib/utils.js,23,0
/path/to/lib/utils.js,24,0
/path/to/lib/utils.js,27,0
/path/to/lib/utils.js,28,0
/path/to/lib/utils.js,29,0
/path/to/lib/utils.js,35,1
/path/to/lib/utils.js,36,97
/path/to/lib/utils.js,37,0
/path/to/lib/utils.js,38,0
/path/to/lib/utils.js,41,97
/path/to/lib/utils.js,42,194
/path/to/lib/utils.js,43,194
/path/to/lib/utils.js,44,100
/path/to/lib/utils.js,53,1
/path/to/lib/utils.js,54,3
/path/to/lib/utils.js,55,0
/path/to/lib/utils.js,58,3
/path/to/lib/utils.js,59,3
/path/to/lib/utils.js,60,3
/path/to/lib/utils.js,61,7
/path/to/lib/utils.js,62,0
/path/to/lib/utils.js,64,7
/path/to/lib/utils.js,68,1
/path/to/lib/utils.js,69,499
/path/to/lib/utils.js,70,0
/path/to/lib/utils.js,73,499
/path/to/lib/utils.js,74,499
/path/to/lib/utils.js,75,499
/path/to/lib/utils.js,76,0
/path/to/lib/utils.js,79,499
/path/to/lib/utils.js,80,1209
/path/to/lib/utils.js,81,1209
/path/to/lib/utils.js,82,0
